#TODO.txt;af324772ea505ad16c32f13c8776b1b6
configer.py;cd85aeb88188a9975e6c6ecf98bf20d8
config_files\debug;d41d8cd98f00b204e9800998ecf8427e
config_files\fisrt_start.dat;6f1db0359b7f7d911609607c966c5783
config_files\_RAM_DB;d41d8cd98f00b204e9800998ecf8427e
database_files\db_file.db;791bbf1a425d90e09bfc338f1c6abe1f
db_schemas\db_schema_post.sql;9267a350342aafad54e3e8a118db0ee0
db_schemas\db_schema_sessions.sql;7fe745ff40bfbb0a7d9a9c970216775e
db_schemas\db_schema_users.sql;7572ccbdab3632ef8c6aa3dd0a30b71b
libs\bottlePlugins\accessLogPlugin.py;4b38ecb77deefc28773ac20a51a25419
libs\bottlePlugins\bottle_session.py;dd04a2c0d5f418bca7401a403cf4522b
libs\bottlePlugins\bottle_session_middleware.py;0361d56b2bdcb30ac96e0b7b4ae8898d
libs\content\post.py;b48be51a4b65031d4000533568d231d8
libs\database\#psevdoSQL.py;e84197a85f7e20227c15a2902120ef1f
libs\database\DB_controler.py;feba9403f6fa54038c3e38ed85ca7d37
libs\database\ram_db\libclient.py;ca5c006285297308e624dba6e4c5e94c
libs\database\ram_db\libserver.py;c0b5a8da45296f862bdbd71bae1efff4
libs\database\ram_db\sql_handler.py;b281be36ef5a7fd0802d63bad8e47845
libs\database\redisClone.py;d1f4010c89f92423fb9b9d5d4528bba0
libs\database\redisFileClone.py;fefed192f26dcf44b3fdb99bc8ee8d85
libs\debug.py;e1f168c28cacad0e822532c3e0fc6f90
libs\ramdb.py;048fd64e9af6bcaa938c975a3135fe07
libs\web\admin.py;be110b8ec99a73dc80d04c7e40305c3b
libs\web\blog.py;9ad0294819c2aa08a460c4b9839c97d1
libs\web\blog_files.py;4472748e53c3d52f5bea6095e82f9c8c
libs\web\getWelcomeImg.py;c11fb674706ff4a0371a556e479d8f22
libs\web\loginAndRegister.py;9ed8f8e76caac794c928eb0bf74b0bdb
libs\web\self_help.py;8fc482f83b0c3f0055fb54cc2dc321dc
libs\web\staticFiles.py;599216f35742813b0d9a2de025060d96
libs\web\wysiwyg_editor.py;2aff2428395adde610e0990093b55614
libs_extrn\bottle.py;969e8487ded9f3ad74b55697b85bfa95
libs_extrn\paste\auth\auth_tkt.py;43344e72a54bf1ad6ef913ffe5b80bfc
libs_extrn\paste\auth\basic.py;b89cdb6c117be8b588180af7c3d7ac15
libs_extrn\paste\auth\cas.py;a2d35735fe28a6b1e4b4798464f337b5
libs_extrn\paste\auth\cookie.py;5438692beea3ce10b820417499a81168
libs_extrn\paste\auth\digest.py;b354e0429300f6ca5559406bb143681a
libs_extrn\paste\auth\form.py;e957bac34d77beb72af27765b28b6955
libs_extrn\paste\auth\grantip.py;fa2b6cade4db8d1d2c1ccba41ecd7610
libs_extrn\paste\auth\multi.py;1458d6ed7597f4a872f5156a6a7f15a1
libs_extrn\paste\auth\open_id.py;e9eb81a44976f0a113e914a308d119b8
libs_extrn\paste\auth\__init__.py;37aca5529c751597eaaa46b595b619a4
libs_extrn\paste\cascade.py;58860cf3439bc2c6acc5cd9e02d9ec58
libs_extrn\paste\cgiapp.py;b849b720f208e273feeaf107326a2793
libs_extrn\paste\cgitb_catcher.py;59cb846ba90d6ee4072683ec62363706
libs_extrn\paste\config.py;ad4a5a9b8b6db40aff88a6a9dafd164d
libs_extrn\paste\cowbell\bell-ascending.png;f63b028d2b0ab6382fc00f565fe60782
libs_extrn\paste\cowbell\bell-descending.png;1b450432f87af090802270df9c3f1d91
libs_extrn\paste\cowbell\__init__.py;bdbc441b36a91ecdd974581f91c30c3a
libs_extrn\paste\debug\debugapp.py;e0f9a2739eb2589499a41b42a5c0ee62
libs_extrn\paste\debug\doctest_webapp.py;dde5ea7448af0a470f8fdc98af573e05
libs_extrn\paste\debug\fsdiff.py;b3669795cf7832b0cc81f34fe944339f
libs_extrn\paste\debug\prints.py;8f47dbfc849b1c18b1a5b830bd1e1e63
libs_extrn\paste\debug\profile.py;cb9dfb607e1e53840cf264c3d1a52f5e
libs_extrn\paste\debug\testserver.py;fd2778d4cb939d77f995a5577f885df1
libs_extrn\paste\debug\watchthreads.py;e85cf594766e3e015db842070c252ad1
libs_extrn\paste\debug\wdg_validate.py;ca1367f5c2768ace8393b2b4326cb998
libs_extrn\paste\debug\__init__.py;fc7ac48d771ff5ee30cd272be68b0367
libs_extrn\paste\errordocument.py;727354dd2d0e3fdc75ca58d45ba0d7da
libs_extrn\paste\evalexception\evalcontext.py;680982ae0867ed3264502996bd606053
libs_extrn\paste\evalexception\media\debug.js;a5fa3ed2100be7ef275c0c569f8726a1
libs_extrn\paste\evalexception\media\minus.jpg;9a97a9e7a39d8fb604d523c053433805
libs_extrn\paste\evalexception\media\MochiKit.packed.js;acadc5d67c233f2f767ed66222a97793
libs_extrn\paste\evalexception\media\plus.jpg;9e063cf862566d9eddf2450f58ed15d9
libs_extrn\paste\evalexception\middleware.py;79f8f098118be32706e9058c086c6488
libs_extrn\paste\evalexception\__init__.py;7c85bebe14bdf4d31a3dd06b981d228d
libs_extrn\paste\exceptions\collector.py;4f38f9a55f56ef8ca940aae30286e6e4
libs_extrn\paste\exceptions\errormiddleware.py;6bfda465a588d0747100e64d7db3dcdd
libs_extrn\paste\exceptions\formatter.py;5fcfce3c2d73c9eb9addc9f46b340775
libs_extrn\paste\exceptions\reporter.py;366ba5fd23590c07b988561381e5b1fa
libs_extrn\paste\exceptions\serial_number_generator.py;0df629affcbee6a7bdc3c593e6fa9416
libs_extrn\paste\exceptions\__init__.py;e14defc4a1ef517a17ea897cc07d5870
libs_extrn\paste\fileapp.py;179d5e92ca1950559e95f2970e20eea2
libs_extrn\paste\fixture.py;ffbd36a2ae3553c8aa98e8361f3a407c
libs_extrn\paste\flup_session.py;7be8fe86e44d5c7f8eec767d1b32fa71
libs_extrn\paste\gzipper.py;a1b0afd3aeea2fc1b5aa820eed6ade61
libs_extrn\paste\httpexceptions.py;e2d230848ff2d9bdcacc7714b1634428
libs_extrn\paste\httpheaders.py;ed8d5062c827c77e535c19db79cac97e
libs_extrn\paste\httpserver.py;cc75b0ceeed0aa16b93a20866145f785
libs_extrn\paste\lint.py;da493d29ac0f1f7fd6cab3e82353fc44
libs_extrn\paste\modpython.py;34a2c741328a66a7276f08b754510af4
libs_extrn\paste\pony.py;fca50d8c7f9e05d6dc727dc5b98fc6cb
libs_extrn\paste\progress.py;91c0465cbf88c69d7b2351503a650f81
libs_extrn\paste\proxy.py;f42c05e855efecdcd3aa205ef471b47f
libs_extrn\paste\recursive.py;00ea95b6fac8e717d4a65b7c3e358e6c
libs_extrn\paste\registry.py;ec2a6ff34e30cd7ac9626dfb1bb1e780
libs_extrn\paste\reloader.py;4582fbb3e4bbb0828abd23107da09378
libs_extrn\paste\request.py;86dde1ae31ea10f489cc6374acfd62b5
libs_extrn\paste\response.py;9de9efce4efb482a2ead0746874a2f33
libs_extrn\paste\session.py;49acc4f97715da7e2067f1212bb033df
libs_extrn\paste\transaction.py;4ff014cb2ef409e9fda815f6a3a58d17
libs_extrn\paste\translogger.py;d9b81249f8cfa7cf17cbe29d799b92e4
libs_extrn\paste\url.py;3d8a2364ec541de327cc1932d69496d4
libs_extrn\paste\urlmap.py;d8a1b54d19418b31fe46e319deacd8f0
libs_extrn\paste\urlparser.py;9c4885afe074c2e349dd5b1f3176e029
libs_extrn\paste\util\classinit.py;d5eaddd6c612a2d5d4b35d4981756d81
libs_extrn\paste\util\classinstance.py;c33e62334d48e4139b52a3301f121d42
libs_extrn\paste\util\converters.py;2031c97ba993ec5d168e9fa341b2c5b5
libs_extrn\paste\util\dateinterval.py;505a26d248880feb8703bfd282f4cc35
libs_extrn\paste\util\datetimeutil.py;53a4593357e57351f51599b4e1f766fc
libs_extrn\paste\util\filemixin.py;0ec17c67b922e908f6c12b13455348e3
libs_extrn\paste\util\finddata.py;7ed7111d7964cab5d97c85688be7305d
libs_extrn\paste\util\findpackage.py;39c002f3f71a6ee1bde68c9744b7fed3
libs_extrn\paste\util\import_string.py;e41f5bf82ef7d393610af80dbdc1a588
libs_extrn\paste\util\intset.py;45d8242249f804bfe8c97c0aa06a0d94
libs_extrn\paste\util\ip4.py;8f1eef1c2240a1a96c01b5e20beb0981
libs_extrn\paste\util\killthread.py;bfabdeb8a850a0316995f89b41d49fa8
libs_extrn\paste\util\looper.py;e4636f74d34dc8cd6ccec7f5dbc8809f
libs_extrn\paste\util\mimeparse.py;04334f06411dab193a7b62b86589f3dc
libs_extrn\paste\util\multidict.py;69e7eba3b2bf02399a40cbcde35a50be
libs_extrn\paste\util\PySourceColor.py;39b23d23942c2c4f922a83a74a3ab083
libs_extrn\paste\util\quoting.py;14bf648906978678d00431cde90e218e
libs_extrn\paste\util\scgiserver.py;7dd99ca696b977464a099fd3f20bb52b
libs_extrn\paste\util\template.py;1c7ed0998666f33607dea1f6fb16fcc1
libs_extrn\paste\util\threadedprint.py;bc8fb9e06eebc730d9950c99bc61b370
libs_extrn\paste\util\threadinglocal.py;519d0350e5e105b778dd0bca58dadcb9
libs_extrn\paste\util\__init__.py;47178fae17e1b1efe804a411209ef979
libs_extrn\paste\wsgilib.py;f3b068c1cdf60efd3cefb8e63bbd21e3
libs_extrn\paste\wsgiwrappers.py;d52d678958710c297eef8bd0b36789c1
libs_extrn\paste\__init__.py;d401358dbd169df1cf66945744bef01b
libs_extrn\tee.py;a20ae60e7cedb515df71224feaf9c6df
mainScript.py;5e7eefe700c65aed6a0ef1337b87c9ed
ram_DB_Server.py;405db2dbf9a00a1701bcfd3e3e05cd5c
ram_DB_SessionHandler.py;89dd30e2b4a917f73e8cfa6794ba6281
sessionFilesHandler.py;dae2d20f84a2247b4e9ca05d6e1f396b
tools\adminUsersTool.py;820f6316d3ee1fdb038fc19fe565b09d
tools\img_importer.py;5df018e22b3ac37450855e44c9cf5a58
tools\instaler.py;b525a128bf332352336facbc8c12a8a9
tools\migrationDB.py;6111cb83c3710cd3ec3e9b6f6b41ca0f
tools\starter.sh;1318eb135656068e6f7e8803b519fb3d
tools\update - Copy.csv;14f06f7dedd054ab7b697d482233ab1e
tools\update.csv;d41d8cd98f00b204e9800998ecf8427e
tools\updater.py;e6756cb6b8885303e2ae6637554e7127
tools\updater_mod.py;713dbf7689e173ed803c62b4a1b158c4
tools\uploadsMigration.py;e24497f6d4f15a69cc4bde2b5f1102a7
views\admin_add_user.tpl;2090d4de8a10cb164e280c46741beda4
views\admin_blog_posts.tpl;b60eb1f94dca3f1e8a0118a40925ca48
views\admin_change_settings.tpl;e7adb6d7abbbebb14cef8150b20b2769
views\admin_edit_table.tpl;4b1abf8895056f253bc2188f01aadc16
views\blog_2Column.tpl;b3cb7d1616b3a341b55433615fe32b59
views\blog_feelings_table.tpl;80089872453eaa010f81c4f64fc5bc56
views\blog_footer.tpl;a20a983c2dd8945fee891885cea04a86
views\blog_header.tpl;f7ece8f17844fea9c2951447e21ba5ca
views\blog_HolyGrail.tpl;876fac88f5f9fdf37f15e0f45be17de1
views\blog_LeftSidebar.tpl;d5e00cb4756d6cfb2f8d1d7abc82394b
views\blog_post.tpl;277cd91bfe27f7ddb3af238248bdaff9
views\blog_post_tree.tpl;b0ba01a2475aa2f775ff7d822e020940
views\blog_RightSidebar.tpl;ba2de30e48021b10a2be87b847aabca8
views\lgn_login.tpl;980f87cb74bd9b4f5870d61688be4ea6
views\lgn_register.tpl;98441b7109c091268a3428216b6545a3
views\post_editor.tpl;7600c8a3cdffc99aef78221d458a1b54
views\post_editor_tabs.tpl;19660670896d8905da9f951d11eae797
views\post_files.tpl;719d2990ec4bddc7d67c648f6c9c9c75
views\static\css\blog.css;b7eb81b2d0088ac833fe1d643dc72e9a
views\static\css\bottom-footer-grid-2-column-grid.css;92f80b8dbc28a6a807fde0c0255e31fc
views\static\css\bottom-footer-grid-holy-grail.css;75b0859fbe9707ea5892595b22eabc49
views\static\css\bottom-footer-grid-left-sidebar.css;4bc842b1d970cc70968ca79e0edde58b
views\static\css\bottom-footer-grid-right-sidebar.css;c5fa9db70d6193dea56101752a57a98f
views\static\css\configTable.css;7b254c3d26c009a8d3d0fffea22aaf15
views\static\css\config_stylesheet.css;5a098f34011af4758dd470990ff37de9
views\static\css\editor.css;8de77fcf1b49713e26827f687c8984bb
views\static\css\newStyle.css;d41d8cd98f00b204e9800998ecf8427e
views\static\css\stylesheet.css;67fc35a8107aae5fffd1c3d1de74535c
views\static\css\tabs.css;54be64a3b8d3b4f6c007988ca46adcca
views\static\css\tree.css;fb8f879298464046c2efbc996d659291
views\static\css\w3.css;ba0537e9574725096af97c27d7e54f76
views\static\img\daily-calendar.svg;f874e42e332574f6ae50af7a224e398e
views\static\img\diary.svg;abd0cd01f0ff51b624809302dd6edf11
views\static\img\nic\new_nicEditorIcons.png;d2286528df00901c784abd4bf7712601
views\static\img\nic\test_nicEditorClip.png;21bd7b8a0b8c5f77bbef0f2c68be90b6
views\static\img\nic\test_nicEditorIcons.png;a23bce981f6489a7b032560d20992e8c
views\static\js\jquery-3.6.4.min.js;641dd14370106e992d352166f5a07e99
views\static\js\nicEdit.js;518fa7481b5e8529edff4eff3f3e3683
views\static\js\nicEditorMyExtension.js;1967aa792499bcccab9dfd77e2cb1d9f
views\static\js\nicEditorRightColumn.js;35b0cb352d915ff5f27399795ddd877e
views\static\js\scripts.js;0dfbe9057cdfd80e1577de98ee40193c
views\static\js\scripts_config.js;e6afa8b57a8d7e5cc41b4de73f728708
views\table_config.tpl;05a1eb5d8fefae36a086e76f95cc10db
views\table_index.tpl;5668f215becba05e6a79bc196b98089b
